Date,Time,PV_W_078,PV_Wh_078
2021/09/22,00:00:00,0,0
2021/09/22,00:01:00,0,0
2021/09/22,00:02:00,0,0
2021/09/22,00:03:00,0,0
2021/09/22,00:04:00,0,0
2021/09/22,00:05:00,0,0
2021/09/22,00:06:00,0,0
2021/09/22,00:07:00,0,0
2021/09/22,00:08:00,0,0
2021/09/22,00:09:00,0,0
2021/09/22,00:10:00,0,0
2021/09/22,00:11:00,0,0
2021/09/22,00:12:00,0,0
2021/09/22,00:13:00,0,0
2021/09/22,00:14:00,0,0
2021/09/22,00:15:00,0,0
2021/09/22,00:16:00,0,0
2021/09/22,00:17:00,0,0
2021/09/22,00:18:00,0,0
2021/09/22,00:19:00,0,0
2021/09/22,00:20:00,0,0
2021/09/22,00:21:00,0,0
2021/09/22,00:22:00,0,0
2021/09/22,00:23:00,0,0
2021/09/22,00:24:00,0,0
2021/09/22,00:25:00,0,0
2021/09/22,00:26:00,0,0
2021/09/22,00:27:00,0,0
2021/09/22,00:28:00,0,0
2021/09/22,00:29:00,0,0
2021/09/22,00:30:00,0,0
2021/09/22,00:31:00,0,0
2021/09/22,00:32:00,0,0
2021/09/22,00:33:00,0,0
2021/09/22,00:34:00,0,0
2021/09/22,00:35:00,0,0
2021/09/22,00:36:00,0,0
2021/09/22,00:37:00,0,0
2021/09/22,00:38:00,0,0
2021/09/22,00:39:00,0,0
2021/09/22,00:40:00,0,0
2021/09/22,00:41:00,0,0
2021/09/22,00:42:00,0,0
2021/09/22,00:43:00,0,0
2021/09/22,00:44:00,0,0
2021/09/22,00:45:00,0,0
2021/09/22,00:46:00,0,0
2021/09/22,00:47:00,0,0
2021/09/22,00:48:00,0,0
2021/09/22,00:49:00,0,0
2021/09/22,00:50:00,0,0
2021/09/22,00:51:00,0,0
2021/09/22,00:52:00,0,0
2021/09/22,00:53:00,0,0
2021/09/22,00:54:00,0,0
2021/09/22,00:55:00,0,0
2021/09/22,00:56:00,0,0
2021/09/22,00:57:00,0,0
2021/09/22,00:58:00,0,0
2021/09/22,00:59:00,0,0
2021/09/22,01:00:00,0,0
2021/09/22,01:01:00,0,0
2021/09/22,01:02:00,0,0
2021/09/22,01:03:00,0,0
2021/09/22,01:04:00,0,0
2021/09/22,01:05:00,0,0
2021/09/22,01:06:00,0,0
2021/09/22,01:07:00,0,0
2021/09/22,01:08:00,0,0
2021/09/22,01:09:00,0,0
2021/09/22,01:10:00,0,0
2021/09/22,01:11:00,0,0
2021/09/22,01:12:00,0,0
2021/09/22,01:13:00,0,0
2021/09/22,01:14:00,0,0
2021/09/22,01:15:00,0,0
2021/09/22,01:16:00,0,0
2021/09/22,01:17:00,0,0
2021/09/22,01:18:00,0,0
2021/09/22,01:19:00,0,0
2021/09/22,01:20:00,0,0
2021/09/22,01:21:00,0,0
2021/09/22,01:22:00,0,0
2021/09/22,01:23:00,0,0
2021/09/22,01:24:00,0,0
2021/09/22,01:25:00,0,0
2021/09/22,01:26:00,0,0
2021/09/22,01:27:00,0,0
2021/09/22,01:28:00,0,0
2021/09/22,01:29:00,0,0
2021/09/22,01:30:00,0,0
2021/09/22,01:31:00,0,0
2021/09/22,01:32:00,0,0
2021/09/22,01:33:00,0,0
2021/09/22,01:34:00,0,0
2021/09/22,01:35:00,0,0
2021/09/22,01:36:00,0,0
2021/09/22,01:37:00,0,0
2021/09/22,01:38:00,0,0
2021/09/22,01:39:00,0,0
2021/09/22,01:40:00,0,0
2021/09/22,01:41:00,0,0
2021/09/22,01:42:00,0,0
2021/09/22,01:43:00,0,0
2021/09/22,01:44:00,0,0
2021/09/22,01:45:00,0,0
2021/09/22,01:46:00,0,0
2021/09/22,01:47:00,0,0
2021/09/22,01:48:00,0,0
2021/09/22,01:49:00,0,0
2021/09/22,01:50:00,0,0
2021/09/22,01:51:00,0,0
2021/09/22,01:52:00,0,0
2021/09/22,01:53:00,0,0
2021/09/22,01:54:00,0,0
2021/09/22,01:55:00,0,0
2021/09/22,01:56:00,0,0
2021/09/22,01:57:00,0,0
2021/09/22,01:58:00,0,0
2021/09/22,01:59:00,0,0
2021/09/22,02:00:00,0,0
2021/09/22,02:01:00,0,0
2021/09/22,02:02:00,0,0
2021/09/22,02:03:00,0,0
2021/09/22,02:04:00,0,0
2021/09/22,02:05:00,0,0
2021/09/22,02:06:00,0,0
2021/09/22,02:07:00,0,0
2021/09/22,02:08:00,0,0
2021/09/22,02:09:00,0,0
2021/09/22,02:10:00,0,0
2021/09/22,02:11:00,0,0
2021/09/22,02:12:00,0,0
2021/09/22,02:13:00,0,0
2021/09/22,02:14:00,0,0
2021/09/22,02:15:00,0,0
2021/09/22,02:16:00,0,0
2021/09/22,02:17:00,0,0
2021/09/22,02:18:00,0,0
2021/09/22,02:19:00,0,0
2021/09/22,02:20:00,0,0
2021/09/22,02:21:00,0,0
2021/09/22,02:22:00,0,0
2021/09/22,02:23:00,0,0
2021/09/22,02:24:00,0,0
2021/09/22,02:25:00,0,0
2021/09/22,02:26:00,0,0
2021/09/22,02:27:00,0,0
2021/09/22,02:28:00,0,0
2021/09/22,02:29:00,0,0
2021/09/22,02:30:00,0,0
2021/09/22,02:31:00,0,0
2021/09/22,02:32:00,0,0
2021/09/22,02:33:00,0,0
2021/09/22,02:34:00,0,0
2021/09/22,02:35:00,0,0
2021/09/22,02:36:00,0,0
2021/09/22,02:37:00,0,0
2021/09/22,02:38:00,0,0
2021/09/22,02:39:00,0,0
2021/09/22,02:40:00,0,0
2021/09/22,02:41:00,0,0
2021/09/22,02:42:00,0,0
2021/09/22,02:43:00,0,0
2021/09/22,02:44:00,0,0
2021/09/22,02:45:00,0,0
2021/09/22,02:46:00,0,0
2021/09/22,02:47:00,0,0
2021/09/22,02:48:00,0,0
2021/09/22,02:49:00,0,0
2021/09/22,02:50:00,0,0
2021/09/22,02:51:00,0,0
2021/09/22,02:52:00,0,0
2021/09/22,02:53:00,0,0
2021/09/22,02:54:00,0,0
2021/09/22,02:55:00,0,0
2021/09/22,02:56:00,0,0
2021/09/22,02:57:00,0,0
2021/09/22,02:58:00,0,0
2021/09/22,02:59:00,0,0
2021/09/22,03:00:00,0,0
2021/09/22,03:01:00,0,0
2021/09/22,03:02:00,0,0
2021/09/22,03:03:00,0,0
2021/09/22,03:04:00,0,0
2021/09/22,03:05:00,0,0
2021/09/22,03:06:00,0,0
2021/09/22,03:07:00,0,0
2021/09/22,03:08:00,0,0
2021/09/22,03:09:00,0,0
2021/09/22,03:10:00,0,0
2021/09/22,03:11:00,0,0
2021/09/22,03:12:00,0,0
2021/09/22,03:13:00,0,0
2021/09/22,03:14:00,0,0
2021/09/22,03:15:00,0,0
2021/09/22,03:16:00,0,0
2021/09/22,03:17:00,0,0
2021/09/22,03:18:00,0,0
2021/09/22,03:19:00,0,0
2021/09/22,03:20:00,0,0
2021/09/22,03:21:00,0,0
2021/09/22,03:22:00,0,0
2021/09/22,03:23:00,0,0
2021/09/22,03:24:00,0,0
2021/09/22,03:25:00,0,0
2021/09/22,03:26:00,0,0
2021/09/22,03:27:00,0,0
2021/09/22,03:28:00,0,0
2021/09/22,03:29:00,0,0
2021/09/22,03:30:00,0,0
2021/09/22,03:31:00,0,0
2021/09/22,03:32:00,0,0
2021/09/22,03:33:00,0,0
2021/09/22,03:34:00,0,0
2021/09/22,03:35:00,0,0
2021/09/22,03:36:00,0,0
2021/09/22,03:37:00,0,0
2021/09/22,03:38:00,0,0
2021/09/22,03:39:00,0,0
2021/09/22,03:40:00,0,0
2021/09/22,03:41:00,0,0
2021/09/22,03:42:00,0,0
2021/09/22,03:43:00,0,0
2021/09/22,03:44:00,0,0
2021/09/22,03:45:00,0,0
2021/09/22,03:46:00,0,0
2021/09/22,03:47:00,0,0
2021/09/22,03:48:00,0,0
2021/09/22,03:49:00,0,0
2021/09/22,03:50:00,0,0
2021/09/22,03:51:00,0,0
2021/09/22,03:52:00,0,0
2021/09/22,03:53:00,0,0
2021/09/22,03:54:00,0,0
2021/09/22,03:55:00,0,0
2021/09/22,03:56:00,0,0
2021/09/22,03:57:00,0,0
2021/09/22,03:58:00,0,0
2021/09/22,03:59:00,0,0
2021/09/22,04:00:00,0,0
2021/09/22,04:01:00,0,0
2021/09/22,04:02:00,0,0
2021/09/22,04:03:00,0,0
2021/09/22,04:04:00,0,0
2021/09/22,04:05:00,0,0
2021/09/22,04:06:00,0,0
2021/09/22,04:07:00,0,0
2021/09/22,04:08:00,0,0
2021/09/22,04:09:00,0,0
2021/09/22,04:10:00,0,0
2021/09/22,04:11:00,0,0
2021/09/22,04:12:00,0,0
2021/09/22,04:13:00,0,0
2021/09/22,04:14:00,0,0
2021/09/22,04:15:00,0,0
2021/09/22,04:16:00,0,0
2021/09/22,04:17:00,0,0
2021/09/22,04:18:00,0,0
2021/09/22,04:19:00,0,0
2021/09/22,04:20:00,0,0
2021/09/22,04:21:00,0,0
2021/09/22,04:22:00,0,0
2021/09/22,04:23:00,0,0
2021/09/22,04:24:00,0,0
2021/09/22,04:25:00,0,0
2021/09/22,04:26:00,0,0
2021/09/22,04:27:00,0,0
2021/09/22,04:28:00,0,0
2021/09/22,04:29:00,0,0
2021/09/22,04:30:00,0,0
2021/09/22,04:31:00,0,0
2021/09/22,04:32:00,0,0
2021/09/22,04:33:00,0,0
2021/09/22,04:34:00,0,0
2021/09/22,04:35:00,0,0
2021/09/22,04:36:00,0,0
2021/09/22,04:37:00,0,0
2021/09/22,04:38:00,0,0
2021/09/22,04:39:00,0,0
2021/09/22,04:40:00,0,0
2021/09/22,04:41:00,0,0
2021/09/22,04:42:00,0,0
2021/09/22,04:43:00,0,0
2021/09/22,04:44:00,0,0
2021/09/22,04:45:00,0,0
2021/09/22,04:46:00,0,0
2021/09/22,04:47:00,0,0
2021/09/22,04:48:00,0,0
2021/09/22,04:49:00,0,0
2021/09/22,04:50:00,0,0
2021/09/22,04:51:00,0,0
2021/09/22,04:52:00,0,0
2021/09/22,04:53:00,0,0
2021/09/22,04:54:00,0,0
2021/09/22,04:55:00,0,0
2021/09/22,04:56:00,0,0
2021/09/22,04:57:00,0,0
2021/09/22,04:58:00,0,0
2021/09/22,04:59:00,0,0
2021/09/22,05:00:00,0,0
2021/09/22,05:01:00,0,0
2021/09/22,05:02:00,0,0
2021/09/22,05:03:00,0,0
2021/09/22,05:04:00,0,0
2021/09/22,05:05:00,0,0
2021/09/22,05:06:00,0,0
2021/09/22,05:07:00,0,0
2021/09/22,05:08:00,0,0
2021/09/22,05:09:00,0,0
2021/09/22,05:10:00,0,0
2021/09/22,05:11:00,0,0
2021/09/22,05:12:00,0,0
2021/09/22,05:13:00,0,0
2021/09/22,05:14:00,0,0
2021/09/22,05:15:00,0,0
2021/09/22,05:16:00,0,0
2021/09/22,05:17:00,0,0
2021/09/22,05:18:00,0,0
2021/09/22,05:19:00,0,0
2021/09/22,05:20:00,0,0
2021/09/22,05:21:00,0,0
2021/09/22,05:22:00,0,0
2021/09/22,05:23:00,0,0
2021/09/22,05:24:00,0,0
2021/09/22,05:25:00,0,0
2021/09/22,05:26:00,0,0
2021/09/22,05:27:00,0,0
2021/09/22,05:28:00,0,0
2021/09/22,05:29:00,0,0
2021/09/22,05:30:00,0,0
2021/09/22,05:31:00,0,0
2021/09/22,05:32:00,0,0
2021/09/22,05:33:00,0,0
2021/09/22,05:34:00,0,0
2021/09/22,05:35:00,-122,0
2021/09/22,05:36:00,0,0
2021/09/22,05:37:00,-114,0
2021/09/22,05:38:00,-130,0
2021/09/22,05:39:00,-96,0
2021/09/22,05:40:00,-113,0
2021/09/22,05:41:00,-90,0
2021/09/22,05:42:00,-150,0
2021/09/22,05:43:00,-93,0
2021/09/22,05:44:00,-92,0
2021/09/22,05:45:00,-72,0
2021/09/22,05:46:00,-69,0
2021/09/22,05:47:00,-16,0
2021/09/22,05:48:00,-25,0
2021/09/22,05:49:00,60,0
2021/09/22,05:50:00,97,0
2021/09/22,05:51:00,126,0
2021/09/22,05:52:00,143,0
2021/09/22,05:53:00,181,0
2021/09/22,05:54:00,204,0
2021/09/22,05:55:00,264,31
2021/09/22,05:56:00,263,31
2021/09/22,05:57:00,305,31
2021/09/22,05:58:00,330,31
2021/09/22,05:59:00,357,31
2021/09/22,06:00:00,430,31
2021/09/22,06:01:00,438,63
2021/09/22,06:02:00,472,63
2021/09/22,06:03:00,520,63
2021/09/22,06:04:00,527,63
2021/09/22,06:05:00,575,94
2021/09/22,06:06:00,635,94
2021/09/22,06:07:00,692,94
2021/09/22,06:08:00,752,125
2021/09/22,06:09:00,780,125
2021/09/22,06:10:00,833,125
2021/09/22,06:11:00,926,156
2021/09/22,06:12:00,971,156
2021/09/22,06:13:00,1049,188
2021/09/22,06:14:00,1118,219
2021/09/22,06:15:00,1166,219
2021/09/22,06:16:00,1242,250
2021/09/22,06:17:00,1320,250
2021/09/22,06:18:00,1360,281
2021/09/22,06:19:00,1444,313
2021/09/22,06:20:00,1547,344
2021/09/22,06:21:00,1617,344
2021/09/22,06:22:00,1720,375
2021/09/22,06:23:00,1807,438
2021/09/22,06:24:00,1902,469
2021/09/22,06:25:00,1981,500
2021/09/22,06:26:00,2090,531
2021/09/22,06:27:00,2196,563
2021/09/22,06:28:00,2260,625
2021/09/22,06:29:00,2371,656
2021/09/22,06:30:00,2454,688
2021/09/22,06:31:00,2575,719
2021/09/22,06:32:00,2687,781
2021/09/22,06:33:00,2811,813
2021/09/22,06:34:00,2910,875
2021/09/22,06:35:00,3041,906
2021/09/22,06:36:00,3153,969
2021/09/22,06:37:00,3241,1000
2021/09/22,06:38:00,3340,1063
2021/09/22,06:39:00,3473,1125
2021/09/22,06:40:00,3599,1188
2021/09/22,06:41:00,3728,1250
2021/09/22,06:42:00,3815,1313
2021/09/22,06:43:00,3940,1375
2021/09/22,06:44:00,4051,1438
2021/09/22,06:45:00,4156,1500
2021/09/22,06:46:00,4279,1563
2021/09/22,06:47:00,4418,1625
2021/09/22,06:48:00,4529,1719
2021/09/22,06:49:00,4738,1813
2021/09/22,06:50:00,4895,1875
2021/09/22,06:51:00,5045,1969
2021/09/22,06:52:00,5186,2063
2021/09/22,06:53:00,5317,2125
2021/09/22,06:54:00,5452,2219
2021/09/22,06:55:00,5561,2313
2021/09/22,06:56:00,5698,2406
2021/09/22,06:57:00,5817,2500
2021/09/22,06:58:00,5962,2594
2021/09/22,06:59:00,6087,2688
2021/09/22,07:00:00,6214,2781
2021/09/22,07:01:00,6352,2906
2021/09/22,07:02:00,6480,3000
2021/09/22,07:03:00,6637,3156
2021/09/22,07:04:00,6774,3250
2021/09/22,07:05:00,6957,3375
2021/09/22,07:06:00,7099,3469
2021/09/22,07:07:00,7246,3594
2021/09/22,07:08:00,7405,3719
2021/09/22,07:09:00,7508,3844
2021/09/22,07:10:00,7634,3969
2021/09/22,07:11:00,7794,4094
2021/09/22,07:12:00,7942,4219
2021/09/22,07:13:00,8164,4344
2021/09/22,07:14:00,8309,4500
2021/09/22,07:15:00,8462,4656
2021/09/22,07:16:00,8592,4781
2021/09/22,07:17:00,8712,4938
2021/09/22,07:18:00,8828,5063
2021/09/22,07:19:00,9035,5219
2021/09/22,07:20:00,9152,5344
2021/09/22,07:21:00,9279,5500
2021/09/22,07:22:00,9435,5656
2021/09/22,07:23:00,9581,5844
2021/09/22,07:24:00,9684,6000
2021/09/22,07:25:00,9889,6156
2021/09/22,07:26:00,10011,6313
2021/09/22,07:27:00,10147,6500
2021/09/22,07:28:00,10284,6656
2021/09/22,07:29:00,10433,6813
2021/09/22,07:30:00,10584,7000
2021/09/22,07:31:00,10707,7188
2021/09/22,07:32:00,10880,7375
2021/09/22,07:33:00,10990,7563
2021/09/22,07:34:00,11139,7719
2021/09/22,07:35:00,11282,7906
2021/09/22,07:36:00,11411,8094
2021/09/22,07:37:00,11544,8281
2021/09/22,07:38:00,11696,8500
2021/09/22,07:39:00,11908,8688
2021/09/22,07:40:00,12052,8906
2021/09/22,07:41:00,12221,9094
2021/09/22,07:42:00,12340,9281
2021/09/22,07:43:00,12485,9500
2021/09/22,07:44:00,12648,9688
2021/09/22,07:45:00,12808,9938
2021/09/22,07:46:00,12930,10156
2021/09/22,07:47:00,13060,10344
2021/09/22,07:48:00,13234,10563
2021/09/22,07:49:00,13355,10781
2021/09/22,07:50:00,13458,11000
2021/09/22,07:51:00,13577,11250
2021/09/22,07:52:00,13715,11469
2021/09/22,07:53:00,13848,11688
2021/09/22,07:54:00,14001,11906
2021/09/22,07:55:00,14105,12156
2021/09/22,07:56:00,14227,12375
2021/09/22,07:57:00,14363,12656
2021/09/22,07:58:00,14520,12875
2021/09/22,07:59:00,14633,13125
2021/09/22,08:00:00,14758,13344
2021/09/22,08:01:00,14860,13594
2021/09/22,08:02:00,14955,13875
2021/09/22,08:03:00,15091,14125
2021/09/22,08:04:00,15227,14344
2021/09/22,08:05:00,15358,14625
2021/09/22,08:06:00,15498,14844
2021/09/22,08:07:00,15591,15156
2021/09/22,08:08:00,15645,15406
2021/09/22,08:09:00,15772,15656
2021/09/22,08:10:00,15886,15906
2021/09/22,08:11:00,16025,16188
2021/09/22,08:12:00,16122,16469
2021/09/22,08:13:00,16271,16719
2021/09/22,08:14:00,16503,17000
2021/09/22,08:15:00,16627,17281
2021/09/22,08:16:00,16727,17531
2021/09/22,08:17:00,16843,17844
2021/09/22,08:18:00,16976,18125
2021/09/22,08:19:00,17114,18406
2021/09/22,08:20:00,17254,18656
2021/09/22,08:21:00,17342,18969
2021/09/22,08:22:00,17463,19250
2021/09/22,08:23:00,17567,19563
2021/09/22,08:24:00,17665,19844
2021/09/22,08:25:00,17834,20125
2021/09/22,08:26:00,17939,20438
2021/09/22,08:27:00,18032,20750
2021/09/22,08:28:00,18158,21031
2021/09/22,08:29:00,18267,21313
2021/09/22,08:30:00,18389,21625
2021/09/22,08:31:00,18485,21969
2021/09/22,08:32:00,18570,22281
2021/09/22,08:33:00,18685,22563
2021/09/22,08:34:00,18788,22875
2021/09/22,08:35:00,18910,23219
2021/09/22,08:36:00,19027,23531
2021/09/22,08:37:00,19173,23813
2021/09/22,08:38:00,19278,24156
2021/09/22,08:39:00,19395,24469
2021/09/22,08:40:00,19482,24813
2021/09/22,08:41:00,19597,25125
2021/09/22,08:42:00,19666,25438
2021/09/22,08:43:00,19767,25781
2021/09/22,08:44:00,19805,26094
2021/09/22,08:45:00,19935,26438
2021/09/22,08:46:00,20017,26750
2021/09/22,08:47:00,20138,27125
2021/09/22,08:48:00,20232,27438
2021/09/22,08:49:00,20302,27781
2021/09/22,08:50:00,20390,28094
2021/09/22,08:51:00,20527,28469
2021/09/22,08:52:00,20625,28813
2021/09/22,08:53:00,20703,29125
2021/09/22,08:54:00,20787,29469
2021/09/22,08:55:00,20933,29844
2021/09/22,08:56:00,21038,30188
2021/09/22,08:57:00,21145,30531
2021/09/22,08:58:00,21227,30875
2021/09/22,08:59:00,21272,31250
2021/09/22,09:00:00,21342,31625
2021/09/22,09:01:00,21374,31969
2021/09/22,09:02:00,21439,32313
2021/09/22,09:03:00,21525,32688
2021/09/22,09:04:00,21617,33031
2021/09/22,09:05:00,21715,33375
2021/09/22,09:06:00,21791,33719
2021/09/22,09:07:00,21863,34125
2021/09/22,09:08:00,21936,34469
2021/09/22,09:09:00,22061,34844
2021/09/22,09:10:00,22084,35219
2021/09/22,09:11:00,22151,35594
2021/09/22,09:12:00,22216,35938
2021/09/22,09:13:00,22279,36313
2021/09/22,09:14:00,22421,36719
2021/09/22,09:15:00,22486,37063
2021/09/22,09:16:00,22520,37438
2021/09/22,09:17:00,22616,37844
2021/09/22,09:18:00,22682,38219
2021/09/22,09:19:00,22804,38563
2021/09/22,09:20:00,22856,38938
2021/09/22,09:21:00,22928,39344
2021/09/22,09:22:00,22999,39719
2021/09/22,09:23:00,22995,40094
2021/09/22,09:24:00,23069,40500
2021/09/22,09:25:00,23146,40875
2021/09/22,09:26:00,23259,41250
2021/09/22,09:27:00,23331,41656
2021/09/22,09:28:00,23404,42031
2021/09/22,09:29:00,23513,42438
2021/09/22,09:30:00,23565,42813
2021/09/22,09:31:00,23629,43219
2021/09/22,09:32:00,23790,43625
2021/09/22,09:33:00,23888,44000
2021/09/22,09:34:00,23996,44375
2021/09/22,09:35:00,24052,44813
2021/09/22,09:36:00,24090,45188
2021/09/22,09:37:00,24136,45594
2021/09/22,09:38:00,24169,46031
2021/09/22,09:39:00,24194,46406
2021/09/22,09:40:00,24185,46781
2021/09/22,09:41:00,24261,47219
2021/09/22,09:42:00,24365,47625
2021/09/22,09:43:00,24381,48031
2021/09/22,09:44:00,24569,48438
2021/09/22,09:45:00,24683,48844
2021/09/22,09:46:00,24693,49250
2021/09/22,09:47:00,24743,49656
2021/09/22,09:48:00,24799,50094
2021/09/22,09:49:00,24773,50469
2021/09/22,09:50:00,24890,50906
2021/09/22,09:51:00,24971,51313
2021/09/22,09:52:00,24929,51750
2021/09/22,09:53:00,24917,52156
2021/09/22,09:54:00,25019,52594
2021/09/22,09:55:00,25156,53000
2021/09/22,09:56:00,25266,53406
2021/09/22,09:57:00,25316,53844
2021/09/22,09:58:00,25337,54250
2021/09/22,09:59:00,25360,54656
2021/09/22,10:00:00,25367,55125
2021/09/22,10:01:00,25445,55531
2021/09/22,10:02:00,25421,55938
2021/09/22,10:03:00,25508,56344
2021/09/22,10:04:00,25610,56813
2021/09/22,10:05:00,25721,57219
2021/09/22,10:06:00,25775,57625
2021/09/22,10:07:00,25697,58094
2021/09/22,10:08:00,25690,58500
2021/09/22,10:09:00,25811,58906
2021/09/22,10:10:00,25718,59375
2021/09/22,10:11:00,25694,59781
2021/09/22,10:12:00,25872,60219
2021/09/22,10:13:00,25929,60656
2021/09/22,10:14:00,25999,61063
2021/09/22,10:15:00,25901,61500
2021/09/22,10:16:00,25991,61969
2021/09/22,10:17:00,25891,62375
2021/09/22,10:18:00,25923,62781
2021/09/22,10:19:00,25907,63250
2021/09/22,10:20:00,25946,63656
2021/09/22,10:21:00,25868,64094
2021/09/22,10:22:00,25837,64531
2021/09/22,10:23:00,25868,64969
2021/09/22,10:24:00,25970,65375
2021/09/22,10:25:00,25930,65844
2021/09/22,10:26:00,25952,66250
2021/09/22,10:27:00,25991,66688
2021/09/22,10:28:00,26011,67156
2021/09/22,10:29:00,25969,67563
2021/09/22,10:30:00,25939,68000
2021/09/22,10:31:00,25893,68438
2021/09/22,10:32:00,25989,68875
2021/09/22,10:33:00,25909,69281
2021/09/22,10:34:00,25932,69719
2021/09/22,10:35:00,25920,70156
2021/09/22,10:36:00,25965,70594
2021/09/22,10:37:00,26007,71000
2021/09/22,10:38:00,26048,71469
2021/09/22,10:39:00,26229,71875
2021/09/22,10:40:00,26404,72313
2021/09/22,10:41:00,26574,72781
2021/09/22,10:42:00,26677,73219
2021/09/22,10:43:00,26761,73656
2021/09/22,10:44:00,26821,74125
2021/09/22,10:45:00,26863,74563
2021/09/22,10:46:00,26820,74969
2021/09/22,10:47:00,26810,75469
2021/09/22,10:48:00,26804,75875
2021/09/22,10:49:00,26793,76344
2021/09/22,10:50:00,26721,76781
2021/09/22,10:51:00,26827,77219
2021/09/22,10:52:00,26991,77656
2021/09/22,10:53:00,27070,78125
2021/09/22,10:54:00,27007,78594
2021/09/22,10:55:00,26980,79000
2021/09/22,10:56:00,26949,79500
2021/09/22,10:57:00,26862,79906
2021/09/22,10:58:00,26752,80375
2021/09/22,10:59:00,26674,80813
2021/09/22,11:00:00,26570,81250
2021/09/22,11:01:00,26599,81688
2021/09/22,11:02:00,26660,82156
2021/09/22,11:03:00,26758,82594
2021/09/22,11:04:00,26882,83031
2021/09/22,11:05:00,26968,83500
2021/09/22,11:06:00,26980,83938
2021/09/22,11:07:00,26991,84375
2021/09/22,11:08:00,26970,84844
2021/09/22,11:09:00,26924,85281
2021/09/22,11:10:00,26918,85719
2021/09/22,11:11:00,26924,86188
2021/09/22,11:12:00,26913,86625
2021/09/22,11:13:00,26891,87063
2021/09/22,11:14:00,26976,87531
2021/09/22,11:15:00,27066,87969
2021/09/22,11:16:00,27100,88438
2021/09/22,11:17:00,27137,88906
2021/09/22,11:18:00,27245,89313
2021/09/22,11:19:00,27287,89781
2021/09/22,11:20:00,27273,90250
2021/09/22,11:21:00,27221,90688
2021/09/22,11:22:00,27269,91156
2021/09/22,11:23:00,27340,91594
2021/09/22,11:24:00,27383,92063
2021/09/22,11:25:00,27168,92531
2021/09/22,11:26:00,27127,92969
2021/09/22,11:27:00,27055,93406
2021/09/22,11:28:00,26974,93875
2021/09/22,11:29:00,26912,94313
2021/09/22,11:30:00,26933,94781
2021/09/22,11:31:00,26829,95219
2021/09/22,11:32:00,26857,95656
2021/09/22,11:33:00,26842,96094
2021/09/22,11:34:00,26727,96563
2021/09/22,11:35:00,26740,97000
2021/09/22,11:36:00,26777,97438
2021/09/22,11:37:00,26742,97906
2021/09/22,11:38:00,26617,98313
2021/09/22,11:39:00,26536,98781
2021/09/22,11:40:00,26563,99219
2021/09/22,11:41:00,26585,99656
2021/09/22,11:42:00,26443,100094
2021/09/22,11:43:00,26285,100563
2021/09/22,11:44:00,26214,100969
2021/09/22,11:45:00,26148,101406
2021/09/22,11:46:00,26147,101844
2021/09/22,11:47:00,26281,102281
2021/09/22,11:48:00,26263,102719
2021/09/22,11:49:00,26185,103156
2021/09/22,11:50:00,26349,103594
2021/09/22,11:51:00,26437,104031
2021/09/22,11:52:00,26448,104500
2021/09/22,11:53:00,26428,104906
2021/09/22,11:54:00,26338,105344
2021/09/22,11:55:00,26225,105813
2021/09/22,11:56:00,26093,106250
2021/09/22,11:57:00,25824,106656
2021/09/22,11:58:00,25724,107125
2021/09/22,11:59:00,25395,107531
2021/09/22,12:00:00,25498,107938
2021/09/22,12:01:00,25434,108344
2021/09/22,12:02:00,25410,108813
2021/09/22,12:03:00,25347,109219
2021/09/22,12:04:00,25239,109625
2021/09/22,12:05:00,25235,110063
2021/09/22,12:06:00,25252,110469
2021/09/22,12:07:00,25337,110875
2021/09/22,12:08:00,25085,111344
2021/09/22,12:09:00,24937,111750
2021/09/22,12:10:00,24770,112125
2021/09/22,12:11:00,24783,112594
2021/09/22,12:12:00,24822,112969
2021/09/22,12:13:00,24892,113375
2021/09/22,12:14:00,24875,113813
2021/09/22,12:15:00,24677,114219
2021/09/22,12:16:00,24478,114625
2021/09/22,12:17:00,24510,115031
2021/09/22,12:18:00,24468,115438
2021/09/22,12:19:00,24341,115844
2021/09/22,12:20:00,24276,116250
2021/09/22,12:21:00,24372,116656
2021/09/22,12:22:00,24420,117063
2021/09/22,12:23:00,24495,117469
2021/09/22,12:24:00,24450,117875
2021/09/22,12:25:00,24176,118281
2021/09/22,12:26:00,24375,118688
2021/09/22,12:27:00,24390,119063
2021/09/22,12:28:00,24488,119500
2021/09/22,12:29:00,24335,119906
2021/09/22,12:30:00,24162,120313
2021/09/22,12:31:00,24114,120719
2021/09/22,12:32:00,24121,121125
2021/09/22,12:33:00,24062,121500
2021/09/22,12:34:00,24069,121938
2021/09/22,12:35:00,24149,122313
2021/09/22,12:36:00,23756,122719
2021/09/22,12:37:00,23779,123125
2021/09/22,12:38:00,23782,123500
2021/09/22,12:39:00,23641,123906
2021/09/22,12:40:00,23434,124281
2021/09/22,12:41:00,23338,124688
2021/09/22,12:42:00,23306,125063
2021/09/22,12:43:00,23189,125469
2021/09/22,12:44:00,23660,125875
2021/09/22,12:45:00,23578,126250
2021/09/22,12:46:00,23660,126625
2021/09/22,12:47:00,23194,127031
2021/09/22,12:48:00,23529,127438
2021/09/22,12:49:00,23535,127813
2021/09/22,12:50:00,23478,128188
2021/09/22,12:51:00,23498,128594
2021/09/22,12:52:00,23498,128969
2021/09/22,12:53:00,23446,129375
2021/09/22,12:54:00,23290,129781
2021/09/22,12:55:00,23484,130156
2021/09/22,12:56:00,23425,130531
2021/09/22,12:57:00,23168,130938
2021/09/22,12:58:00,23081,131313
2021/09/22,12:59:00,22978,131719
2021/09/22,13:00:00,22940,132063
2021/09/22,13:01:00,22984,132469
2021/09/22,13:02:00,22810,132844
2021/09/22,13:03:00,22641,133219
2021/09/22,13:04:00,22677,133594
2021/09/22,13:05:00,22561,133969
2021/09/22,13:06:00,22356,134344
2021/09/22,13:07:00,22136,134719
2021/09/22,13:08:00,21931,135063
2021/09/22,13:09:00,21734,135469
2021/09/22,13:10:00,21846,135813
2021/09/22,13:11:00,21694,136156
2021/09/22,13:12:00,21561,136563
2021/09/22,13:13:00,21375,136906
2021/09/22,13:14:00,21140,137250
2021/09/22,13:15:00,21028,137594
2021/09/22,13:16:00,20947,137969
2021/09/22,13:17:00,20757,138313
2021/09/22,13:18:00,20585,138625
2021/09/22,13:19:00,20432,138969
2021/09/22,13:20:00,20263,139344
2021/09/22,13:21:00,20099,139656
2021/09/22,13:22:00,19983,140000
2021/09/22,13:23:00,19897,140313
2021/09/22,13:24:00,19717,140656
2021/09/22,13:25:00,19572,141000
2021/09/22,13:26:00,19499,141313
2021/09/22,13:27:00,19377,141625
2021/09/22,13:28:00,19210,141969
2021/09/22,13:29:00,19033,142281
2021/09/22,13:30:00,18929,142594
2021/09/22,13:31:00,18956,142875
2021/09/22,13:32:00,18902,143250
2021/09/22,13:33:00,18883,143531
2021/09/22,13:34:00,18936,143844
2021/09/22,13:35:00,18963,144156
2021/09/22,13:36:00,18908,144500
2021/09/22,13:37:00,18836,144781
2021/09/22,13:38:00,18733,145125
2021/09/22,13:39:00,18589,145406
2021/09/22,13:40:00,18534,145719
2021/09/22,13:41:00,18383,146031
2021/09/22,13:42:00,18409,146344
2021/09/22,13:43:00,18327,146625
2021/09/22,13:44:00,18294,146938
2021/09/22,13:45:00,18220,147281
2021/09/22,13:46:00,18227,147563
2021/09/22,13:47:00,18252,147875
2021/09/22,13:48:00,18194,148156
2021/09/22,13:49:00,18156,148500
2021/09/22,13:50:00,18267,148781
2021/09/22,13:51:00,18295,149094
2021/09/22,13:52:00,18231,149375
2021/09/22,13:53:00,18324,149688
2021/09/22,13:54:00,18224,150000
2021/09/22,13:55:00,18134,150281
2021/09/22,13:56:00,16388,150594
2021/09/22,13:57:00,18182,150875
2021/09/22,13:58:00,18497,151219
2021/09/22,13:59:00,5821,151438
2021/09/22,14:00:00,18960,151719
2021/09/22,14:01:00,3176,151969
2021/09/22,14:02:00,2369,152031
2021/09/22,14:03:00,18694,152219
2021/09/22,14:04:00,18407,152531
2021/09/22,14:05:00,18255,152844
2021/09/22,14:06:00,18115,153125
2021/09/22,14:07:00,18040,153406
2021/09/22,14:08:00,18050,153719
2021/09/22,14:09:00,18065,154031
2021/09/22,14:10:00,17881,154344
2021/09/22,14:11:00,17843,154625
2021/09/22,14:12:00,17831,154906
2021/09/22,14:13:00,17778,155219
2021/09/22,14:14:00,17735,155531
2021/09/22,14:15:00,17773,155813
2021/09/22,14:16:00,17895,156094
2021/09/22,14:17:00,18018,156438
2021/09/22,14:18:00,17786,156719
2021/09/22,14:19:00,17662,157000
2021/09/22,14:20:00,17518,157281
2021/09/22,14:21:00,17546,157563
2021/09/22,14:22:00,17590,157875
2021/09/22,14:23:00,17622,158188
2021/09/22,14:24:00,17483,158469
2021/09/22,14:25:00,17378,158750
2021/09/22,14:26:00,17165,159031
2021/09/22,14:27:00,16965,159344
2021/09/22,14:28:00,17005,159625
2021/09/22,14:29:00,16886,159875
2021/09/22,14:30:00,16813,160156
2021/09/22,14:31:00,16700,160469
2021/09/22,14:32:00,16618,160750
2021/09/22,14:33:00,16715,161000
2021/09/22,14:34:00,16882,161281
2021/09/22,14:35:00,16803,161563
2021/09/22,14:36:00,16605,161875
2021/09/22,14:37:00,16407,162125
2021/09/22,14:38:00,16243,162406
2021/09/22,14:39:00,16246,162656
2021/09/22,14:40:00,16364,162938
2021/09/22,14:41:00,16425,163219
2021/09/22,14:42:00,16262,163500
2021/09/22,14:43:00,7898,163719
2021/09/22,14:44:00,12279,163813
2021/09/22,14:45:00,16358,164063
2021/09/22,14:46:00,16019,164313
2021/09/22,14:47:00,15737,164594
2021/09/22,14:48:00,15615,164875
2021/09/22,14:49:00,15732,165125
2021/09/22,14:50:00,15585,165375
2021/09/22,14:51:00,15369,165625
2021/09/22,14:52:00,15277,165906
2021/09/22,14:53:00,15162,166156
2021/09/22,14:54:00,15134,166375
2021/09/22,14:55:00,15130,166656
2021/09/22,14:56:00,15073,166875
2021/09/22,14:57:00,14972,167156
2021/09/22,14:58:00,14913,167406
2021/09/22,14:59:00,14733,167656
2021/09/22,15:00:00,11358,167844
2021/09/22,15:01:00,2342,167938
2021/09/22,15:02:00,2149,167969
2021/09/22,15:03:00,2375,168000
2021/09/22,15:04:00,2296,168031
2021/09/22,15:05:00,2132,168094
2021/09/22,15:06:00,1971,168125
2021/09/22,15:07:00,1866,168156
2021/09/22,15:08:00,1874,168188
2021/09/22,15:09:00,3468,168219
2021/09/22,15:10:00,1760,168250
2021/09/22,15:11:00,1845,168281
2021/09/22,15:12:00,2521,168313
2021/09/22,15:13:00,13329,168469
2021/09/22,15:14:00,12829,168688
2021/09/22,15:15:00,12634,168906
2021/09/22,15:16:00,12410,169094
2021/09/22,15:17:00,12193,169313
2021/09/22,15:18:00,11961,169500
2021/09/22,15:19:00,12797,169688
2021/09/22,15:20:00,12687,169938
2021/09/22,15:21:00,12697,170125
2021/09/22,15:22:00,12560,170344
2021/09/22,15:23:00,12370,170563
2021/09/22,15:24:00,12286,170750
2021/09/22,15:25:00,12124,170938
2021/09/22,15:26:00,12047,171156
2021/09/22,15:27:00,11957,171375
2021/09/22,15:28:00,11909,171563
2021/09/22,15:29:00,11822,171750
2021/09/22,15:30:00,11704,171938
2021/09/22,15:31:00,11587,172125
2021/09/22,15:32:00,11412,172313
2021/09/22,15:33:00,11301,172531
2021/09/22,15:34:00,11247,172719
2021/09/22,15:35:00,11221,172906
2021/09/22,15:36:00,11081,173094
2021/09/22,15:37:00,11002,173250
2021/09/22,15:38:00,10928,173438
2021/09/22,15:39:00,10816,173625
2021/09/22,15:40:00,10648,173813
2021/09/22,15:41:00,10505,174000
2021/09/22,15:42:00,10435,174156
2021/09/22,15:43:00,10252,174344
2021/09/22,15:44:00,10175,174500
2021/09/22,15:45:00,10064,174656
2021/09/22,15:46:00,9872,174813
2021/09/22,15:47:00,9745,175000
2021/09/22,15:48:00,9757,175188
2021/09/22,15:49:00,7751,175313
2021/09/22,15:50:00,9501,175438
2021/09/22,15:51:00,9386,175625
2021/09/22,15:52:00,8690,175719
2021/09/22,15:53:00,9061,175875
2021/09/22,15:54:00,9001,176000
2021/09/22,15:55:00,8940,176156
2021/09/22,15:56:00,8824,176313
2021/09/22,15:57:00,8753,176469
2021/09/22,15:58:00,8623,176625
2021/09/22,15:59:00,8510,176750
2021/09/22,16:00:00,8278,176875
2021/09/22,16:01:00,8167,177031
2021/09/22,16:02:00,7979,177156
2021/09/22,16:03:00,7938,177281
2021/09/22,16:04:00,7861,177406
2021/09/22,16:05:00,7808,177531
2021/09/22,16:06:00,7690,177656
2021/09/22,16:07:00,7578,177813
2021/09/22,16:08:00,7494,177938
2021/09/22,16:09:00,7347,178063
2021/09/22,16:10:00,7222,178188
2021/09/22,16:11:00,7079,178281
2021/09/22,16:12:00,6937,178406
2021/09/22,16:13:00,6800,178531
2021/09/22,16:14:00,6593,178625
2021/09/22,16:15:00,6620,178750
2021/09/22,16:16:00,6544,178844
2021/09/22,16:17:00,6438,178969
2021/09/22,16:18:00,6327,179063
2021/09/22,16:19:00,6199,179188
2021/09/22,16:20:00,6094,179281
2021/09/22,16:21:00,5978,179375
2021/09/22,16:22:00,5857,179469
2021/09/22,16:23:00,5770,179594
2021/09/22,16:24:00,5701,179688
2021/09/22,16:25:00,5526,179750
2021/09/22,16:26:00,5428,179844
2021/09/22,16:27:00,5271,179938
2021/09/22,16:28:00,5229,180031
2021/09/22,16:29:00,5067,180094
2021/09/22,16:30:00,4968,180188
2021/09/22,16:31:00,4846,180281
2021/09/22,16:32:00,4632,180344
2021/09/22,16:33:00,4602,180469
2021/09/22,16:34:00,4519,180531
2021/09/22,16:35:00,4413,180594
2021/09/22,16:36:00,4287,180656
2021/09/22,16:37:00,4136,180750
2021/09/22,16:38:00,3986,180813
2021/09/22,16:39:00,3847,180875
2021/09/22,16:40:00,3716,180938
2021/09/22,16:41:00,3660,181000
2021/09/22,16:42:00,3528,181063
2021/09/22,16:43:00,3378,181094
2021/09/22,16:44:00,3226,181156
2021/09/22,16:45:00,3166,181219
2021/09/22,16:46:00,3040,181250
2021/09/22,16:47:00,2890,181313
2021/09/22,16:48:00,2778,181344
2021/09/22,16:49:00,2676,181406
2021/09/22,16:50:00,2633,181438
2021/09/22,16:51:00,2563,181500
2021/09/22,16:52:00,2438,181531
2021/09/22,16:53:00,2123,181563
2021/09/22,16:54:00,1999,181594
2021/09/22,16:55:00,2135,181625
2021/09/22,16:56:00,2055,181656
2021/09/22,16:57:00,2013,181688
2021/09/22,16:58:00,1947,181719
2021/09/22,16:59:00,1897,181781
2021/09/22,17:00:00,1806,181813
2021/09/22,17:01:00,1728,181844
2021/09/22,17:02:00,1639,181875
2021/09/22,17:03:00,1570,181906
2021/09/22,17:04:00,1477,181938
2021/09/22,17:05:00,1421,181969
2021/09/22,17:06:00,1339,181969
2021/09/22,17:07:00,1272,182000
2021/09/22,17:08:00,1187,182031
2021/09/22,17:09:00,1134,182031
2021/09/22,17:10:00,1079,182063
2021/09/22,17:11:00,1004,182063
2021/09/22,17:12:00,959,182094
2021/09/22,17:13:00,887,182094
2021/09/22,17:14:00,858,182125
2021/09/22,17:15:00,774,182125
2021/09/22,17:16:00,741,182156
2021/09/22,17:17:00,685,182156
2021/09/22,17:18:00,649,182156
2021/09/22,17:19:00,596,182188
2021/09/22,17:20:00,546,182188
2021/09/22,17:21:00,518,182188
2021/09/22,17:22:00,495,182188
2021/09/22,17:23:00,431,182219
2021/09/22,17:24:00,430,182219
2021/09/22,17:25:00,368,182219
2021/09/22,17:26:00,346,182219
2021/09/22,17:27:00,294,182219
2021/09/22,17:28:00,260,182250
2021/09/22,17:29:00,223,182250
2021/09/22,17:30:00,213,182250
2021/09/22,17:31:00,171,182250
2021/09/22,17:32:00,144,182250
2021/09/22,17:33:00,103,182250
2021/09/22,17:34:00,49,182250
2021/09/22,17:35:00,17,182250
2021/09/22,17:36:00,16,182250
2021/09/22,17:37:00,-1,182250
2021/09/22,17:38:00,-48,182250
2021/09/22,17:39:00,-39,182250
2021/09/22,17:40:00,-83,182250
2021/09/22,17:41:00,-84,182250
2021/09/22,17:42:00,-101,182250
2021/09/22,17:43:00,-105,182250
2021/09/22,17:44:00,-138,182250
2021/09/22,17:45:00,-117,182250
2021/09/22,17:46:00,-126,182250
2021/09/22,17:47:00,-162,182250
2021/09/22,17:48:00,-134,182250
2021/09/22,17:49:00,-157,182250
2021/09/22,17:50:00,-159,182250
2021/09/22,17:51:00,-178,182250
2021/09/22,17:52:00,-178,182250
2021/09/22,17:53:00,-193,182250
2021/09/22,17:54:00,-205,182250
2021/09/22,17:55:00,-193,182250
2021/09/22,17:56:00,-204,182250
2021/09/22,17:57:00,-202,182250
2021/09/22,17:58:00,-229,182250
2021/09/22,17:59:00,-217,182250
2021/09/22,18:00:00,-210,182250
2021/09/22,18:01:00,-51,182250
2021/09/22,18:02:00,-145,182250
2021/09/22,18:03:00,-136,182250
2021/09/22,18:04:00,0,182250
2021/09/22,18:05:00,0,182250
2021/09/22,18:06:00,0,182250
2021/09/22,18:07:00,0,182250
2021/09/22,18:08:00,0,182250
2021/09/22,18:09:00,0,182250
2021/09/22,18:10:00,0,182250
2021/09/22,18:11:00,0,182250
2021/09/22,18:12:00,0,182250
2021/09/22,18:13:00,0,182250
2021/09/22,18:14:00,0,182250
2021/09/22,18:15:00,0,182250
2021/09/22,18:16:00,0,182250
2021/09/22,18:17:00,0,182250
2021/09/22,18:18:00,0,182250
2021/09/22,18:19:00,0,182250
2021/09/22,18:20:00,0,182250
2021/09/22,18:21:00,0,182250
2021/09/22,18:22:00,0,182250
2021/09/22,18:23:00,0,182250
2021/09/22,18:24:00,0,182250
2021/09/22,18:25:00,0,182250
2021/09/22,18:26:00,0,182250
2021/09/22,18:27:00,0,182250
2021/09/22,18:28:00,0,182250
2021/09/22,18:29:00,0,182250
2021/09/22,18:30:00,0,182250
2021/09/22,18:31:00,0,182250
2021/09/22,18:32:00,0,182250
2021/09/22,18:33:00,0,182250
2021/09/22,18:34:00,0,182250
2021/09/22,18:35:00,0,182250
2021/09/22,18:36:00,0,182250
2021/09/22,18:37:00,0,182250
2021/09/22,18:38:00,0,182250
2021/09/22,18:39:00,0,182250
2021/09/22,18:40:00,0,182250
2021/09/22,18:41:00,0,182250
2021/09/22,18:42:00,0,182250
2021/09/22,18:43:00,0,182250
2021/09/22,18:44:00,0,182250
2021/09/22,18:45:00,0,182250
2021/09/22,18:46:00,0,182250
2021/09/22,18:47:00,0,182250
2021/09/22,18:48:00,0,182250
2021/09/22,18:49:00,0,182250
2021/09/22,18:50:00,0,182250
2021/09/22,18:51:00,0,182250
2021/09/22,18:52:00,0,182250
2021/09/22,18:53:00,0,182250
2021/09/22,18:54:00,0,182250
2021/09/22,18:55:00,0,182250
2021/09/22,18:56:00,0,182250
2021/09/22,18:57:00,0,182250
2021/09/22,18:58:00,0,182250
2021/09/22,18:59:00,0,182250
2021/09/22,19:00:00,0,182250
2021/09/22,19:01:00,0,182250
2021/09/22,19:02:00,0,182250
2021/09/22,19:03:00,0,182250
2021/09/22,19:04:00,0,182250
2021/09/22,19:05:00,0,182250
2021/09/22,19:06:00,0,182250
2021/09/22,19:07:00,0,182250
2021/09/22,19:08:00,0,182250
2021/09/22,19:09:00,0,182250
2021/09/22,19:10:00,0,182250
2021/09/22,19:11:00,0,182250
2021/09/22,19:12:00,0,182250
2021/09/22,19:13:00,0,182250
2021/09/22,19:14:00,0,182250
2021/09/22,19:15:00,0,182250
2021/09/22,19:16:00,0,182250
2021/09/22,19:17:00,0,182250
2021/09/22,19:18:00,0,182250
2021/09/22,19:19:00,0,182250
2021/09/22,19:20:00,0,182250
2021/09/22,19:21:00,0,182250
2021/09/22,19:22:00,0,182250
2021/09/22,19:23:00,0,182250
2021/09/22,19:24:00,0,182250
2021/09/22,19:25:00,0,182250
2021/09/22,19:26:00,0,182250
2021/09/22,19:27:00,0,182250
2021/09/22,19:28:00,0,182250
2021/09/22,19:29:00,0,182250
2021/09/22,19:30:00,0,182250
2021/09/22,19:31:00,0,182250
2021/09/22,19:32:00,0,182250
2021/09/22,19:33:00,0,182250
2021/09/22,19:34:00,0,182250
2021/09/22,19:35:00,0,182250
2021/09/22,19:36:00,0,182250
2021/09/22,19:37:00,0,182250
2021/09/22,19:38:00,0,182250
2021/09/22,19:39:00,0,182250
2021/09/22,19:40:00,0,182250
2021/09/22,19:41:00,0,182250
2021/09/22,19:42:00,0,182250
2021/09/22,19:43:00,0,182250
2021/09/22,19:44:00,0,182250
2021/09/22,19:45:00,0,182250
2021/09/22,19:46:00,0,182250
2021/09/22,19:47:00,0,182250
2021/09/22,19:48:00,0,182250
2021/09/22,19:49:00,0,182250
2021/09/22,19:50:00,0,182250
2021/09/22,19:51:00,0,182250
2021/09/22,19:52:00,0,182250
2021/09/22,19:53:00,0,182250
2021/09/22,19:54:00,0,182250
2021/09/22,19:55:00,0,182250
2021/09/22,19:56:00,0,182250
2021/09/22,19:57:00,0,182250
2021/09/22,19:58:00,0,182250
2021/09/22,19:59:00,0,182250
2021/09/22,20:00:00,0,182250
2021/09/22,20:01:00,0,182250
2021/09/22,20:02:00,0,182250
2021/09/22,20:03:00,0,182250
2021/09/22,20:04:00,0,182250
2021/09/22,20:05:00,0,182250
2021/09/22,20:06:00,0,182250
2021/09/22,20:07:00,0,182250
2021/09/22,20:08:00,0,182250
2021/09/22,20:09:00,0,182250
2021/09/22,20:10:00,0,182250
2021/09/22,20:11:00,0,182250
2021/09/22,20:12:00,0,182250
2021/09/22,20:13:00,0,182250
2021/09/22,20:14:00,0,182250
2021/09/22,20:15:00,0,182250
2021/09/22,20:16:00,0,182250
2021/09/22,20:17:00,0,182250
2021/09/22,20:18:00,0,182250
2021/09/22,20:19:00,0,182250
2021/09/22,20:20:00,0,182250
2021/09/22,20:21:00,0,182250
2021/09/22,20:22:00,0,182250
2021/09/22,20:23:00,0,182250
2021/09/22,20:24:00,0,182250
2021/09/22,20:25:00,0,182250
2021/09/22,20:26:00,0,182250
2021/09/22,20:27:00,0,182250
2021/09/22,20:28:00,0,182250
2021/09/22,20:29:00,0,182250
2021/09/22,20:30:00,0,182250
2021/09/22,20:31:00,0,182250
2021/09/22,20:32:00,0,182250
2021/09/22,20:33:00,0,182250
2021/09/22,20:34:00,0,182250
2021/09/22,20:35:00,0,182250
2021/09/22,20:36:00,0,182250
2021/09/22,20:37:00,0,182250
2021/09/22,20:38:00,0,182250
2021/09/22,20:39:00,0,182250
2021/09/22,20:40:00,0,182250
2021/09/22,20:41:00,0,182250
2021/09/22,20:42:00,0,182250
2021/09/22,20:43:00,0,182250
2021/09/22,20:44:00,0,182250
2021/09/22,20:45:00,0,182250
2021/09/22,20:46:00,0,182250
2021/09/22,20:47:00,0,182250
2021/09/22,20:48:00,0,182250
2021/09/22,20:49:00,0,182250
2021/09/22,20:50:00,0,182250
2021/09/22,20:51:00,0,182250
2021/09/22,20:52:00,0,182250
2021/09/22,20:53:00,0,182250
2021/09/22,20:54:00,0,182250
2021/09/22,20:55:00,0,182250
2021/09/22,20:56:00,0,182250
2021/09/22,20:57:00,0,182250
2021/09/22,20:58:00,0,182250
2021/09/22,20:59:00,0,182250
2021/09/22,21:00:00,0,182250
2021/09/22,21:01:00,0,182250
2021/09/22,21:02:00,0,182250
2021/09/22,21:03:00,0,182250
2021/09/22,21:04:00,0,182250
2021/09/22,21:05:00,0,182250
2021/09/22,21:06:00,0,182250
2021/09/22,21:07:00,0,182250
2021/09/22,21:08:00,0,182250
2021/09/22,21:09:00,0,182250
2021/09/22,21:10:00,0,182250
2021/09/22,21:11:00,0,182250
2021/09/22,21:12:00,0,182250
2021/09/22,21:13:00,0,182250
2021/09/22,21:14:00,0,182250
2021/09/22,21:15:00,0,182250
2021/09/22,21:16:00,0,182250
2021/09/22,21:17:00,0,182250
2021/09/22,21:18:00,0,182250
2021/09/22,21:19:00,0,182250
2021/09/22,21:20:00,0,182250
2021/09/22,21:21:00,0,182250
2021/09/22,21:22:00,0,182250
2021/09/22,21:23:00,0,182250
2021/09/22,21:24:00,0,182250
2021/09/22,21:25:00,0,182250
2021/09/22,21:26:00,0,182250
2021/09/22,21:27:00,0,182250
2021/09/22,21:28:00,0,182250
2021/09/22,21:29:00,0,182250
2021/09/22,21:30:00,0,182250
2021/09/22,21:31:00,0,182250
2021/09/22,21:32:00,0,182250
2021/09/22,21:33:00,0,182250
2021/09/22,21:34:00,0,182250
2021/09/22,21:35:00,0,182250
2021/09/22,21:36:00,0,182250
2021/09/22,21:37:00,0,182250
2021/09/22,21:38:00,0,182250
2021/09/22,21:39:00,0,182250
2021/09/22,21:40:00,0,182250
2021/09/22,21:41:00,0,182250
2021/09/22,21:42:00,0,182250
2021/09/22,21:43:00,0,182250
2021/09/22,21:44:00,0,182250
2021/09/22,21:45:00,0,182250
2021/09/22,21:46:00,0,182250
2021/09/22,21:47:00,0,182250
2021/09/22,21:48:00,0,182250
2021/09/22,21:49:00,0,182250
2021/09/22,21:50:00,0,182250
2021/09/22,21:51:00,0,182250
2021/09/22,21:52:00,0,182250
2021/09/22,21:53:00,0,182250
2021/09/22,21:54:00,0,182250
2021/09/22,21:55:00,0,182250
2021/09/22,21:56:00,0,182250
2021/09/22,21:57:00,0,182250
2021/09/22,21:58:00,0,182250
2021/09/22,21:59:00,0,182250
2021/09/22,22:00:00,0,182250
2021/09/22,22:01:00,0,182250
2021/09/22,22:02:00,0,182250
2021/09/22,22:03:00,0,182250
2021/09/22,22:04:00,0,182250
2021/09/22,22:05:00,0,182250
2021/09/22,22:06:00,0,182250
2021/09/22,22:07:00,0,182250
2021/09/22,22:08:00,0,182250
2021/09/22,22:09:00,0,182250
2021/09/22,22:10:00,0,182250
2021/09/22,22:11:00,0,182250
2021/09/22,22:12:00,0,182250
2021/09/22,22:13:00,0,182250
2021/09/22,22:14:00,0,182250
2021/09/22,22:15:00,0,182250
2021/09/22,22:16:00,0,182250
2021/09/22,22:17:00,0,182250
2021/09/22,22:18:00,0,182250
2021/09/22,22:19:00,0,182250
2021/09/22,22:20:00,0,182250
2021/09/22,22:21:00,0,182250
2021/09/22,22:22:00,0,182250
2021/09/22,22:23:00,0,182250
2021/09/22,22:24:00,0,182250
2021/09/22,22:25:00,0,182250
2021/09/22,22:26:00,0,182250
2021/09/22,22:27:00,0,182250
2021/09/22,22:28:00,0,182250
2021/09/22,22:29:00,0,182250
2021/09/22,22:30:00,0,182250
2021/09/22,22:31:00,0,182250
2021/09/22,22:32:00,0,182250
2021/09/22,22:33:00,0,182250
2021/09/22,22:34:00,0,182250
2021/09/22,22:35:00,0,182250
2021/09/22,22:36:00,0,182250
2021/09/22,22:37:00,0,182250
2021/09/22,22:38:00,0,182250
2021/09/22,22:39:00,0,182250
2021/09/22,22:40:00,0,182250
2021/09/22,22:41:00,0,182250
2021/09/22,22:42:00,0,182250
2021/09/22,22:43:00,0,182250
2021/09/22,22:44:00,0,182250
2021/09/22,22:45:00,0,182250
2021/09/22,22:46:00,0,182250
2021/09/22,22:47:00,0,182250
2021/09/22,22:48:00,0,182250
2021/09/22,22:49:00,0,182250
2021/09/22,22:50:00,0,182250
2021/09/22,22:51:00,0,182250
2021/09/22,22:52:00,0,182250
2021/09/22,22:53:00,0,182250
2021/09/22,22:54:00,0,182250
2021/09/22,22:55:00,0,182250
2021/09/22,22:56:00,0,182250
2021/09/22,22:57:00,0,182250
2021/09/22,22:58:00,0,182250
2021/09/22,22:59:00,0,182250
2021/09/22,23:00:00,0,182250
2021/09/22,23:01:00,0,182250
2021/09/22,23:02:00,0,182250
2021/09/22,23:03:00,0,182250
2021/09/22,23:04:00,0,182250
2021/09/22,23:05:00,0,182250
2021/09/22,23:06:00,0,182250
2021/09/22,23:07:00,0,182250
2021/09/22,23:08:00,0,182250
2021/09/22,23:09:00,0,182250
2021/09/22,23:10:00,0,182250
2021/09/22,23:11:00,0,182250
2021/09/22,23:12:00,0,182250
2021/09/22,23:13:00,0,182250
2021/09/22,23:14:00,0,182250
2021/09/22,23:15:00,0,182250
2021/09/22,23:16:00,0,182250
2021/09/22,23:17:00,0,182250
2021/09/22,23:18:00,0,182250
2021/09/22,23:19:00,0,182250
2021/09/22,23:20:00,0,182250
2021/09/22,23:21:00,0,182250
2021/09/22,23:22:00,0,182250
2021/09/22,23:23:00,0,182250
2021/09/22,23:24:00,0,182250
2021/09/22,23:25:00,0,182250
2021/09/22,23:26:00,0,182250
2021/09/22,23:27:00,0,182250
2021/09/22,23:28:00,0,182250
2021/09/22,23:29:00,0,182250
2021/09/22,23:30:00,0,182250
2021/09/22,23:31:00,0,182250
2021/09/22,23:32:00,0,182250
2021/09/22,23:33:00,0,182250
2021/09/22,23:34:00,0,182250
2021/09/22,23:35:00,0,182250
2021/09/22,23:36:00,0,182250
2021/09/22,23:37:00,0,182250
2021/09/22,23:38:00,0,182250
2021/09/22,23:39:00,0,182250
2021/09/22,23:40:00,0,182250
2021/09/22,23:41:00,0,182250
2021/09/22,23:42:00,0,182250
2021/09/22,23:43:00,0,182250
2021/09/22,23:44:00,0,182250
2021/09/22,23:45:00,0,182250
2021/09/22,23:46:00,0,182250
2021/09/22,23:47:00,0,182250
2021/09/22,23:48:00,0,182250
2021/09/22,23:49:00,0,182250
2021/09/22,23:50:00,0,182250
2021/09/22,23:51:00,0,182250
2021/09/22,23:52:00,0,182250
2021/09/22,23:53:00,0,182250
2021/09/22,23:54:00,0,182250
2021/09/22,23:55:00,0,182250
2021/09/22,23:56:00,0,182250
2021/09/22,23:57:00,0,182250
2021/09/22,23:58:00,0,182250
2021/09/22,23:59:00,0,182250
